{
    "id": "myapp",
    "version": "1.0.0",
    "vendor": "Ingenium Games",
    "type": "web",
    "main": "index.html",
    "title": "Викторина Звездные войны",
    "icon": "images/icon80.png",
    "largeIcon": "images/icon130.png",
    "appDescription": "Любишь звездный войны? Тогда этот тест точно для тебя!",
    "splashBackground": "splashScreen.png",
    "bgImage": "bgImage.png",
    "bgColor": "#d0dbbd",
    "iconColor": "#343829"
}